{"loss": 0.28798237442970276, "mean_squared_error": 0.006217564456164837}