{"loss": [1.5861271619796753, 1.3446301221847534, 1.2504135370254517, 1.1800041198730469, 1.1267430782318115, 1.0783107280731201, 1.0388849973678589, 1.001806378364563, 0.9663511514663696, 0.9399323463439941, 0.9065684676170349, 0.8877466917037964, 0.8627626895904541, 0.8332969546318054, 0.8161841034889221, 0.797553300857544, 0.7777198553085327, 0.7559340000152588, 0.7377985715866089, 0.7180533409118652, 0.6992996335029602, 0.6876652240753174, 0.6733607649803162, 0.658241868019104, 0.6422765254974365, 0.6310620903968811, 0.6163049936294556, 0.611436665058136, 0.5884886384010315, 0.5811975598335266, 0.5736007690429688, 0.5561304688453674, 0.5463060140609741, 0.5432320237159729, 0.531150221824646, 0.5253818035125732, 0.5185056924819946, 0.503945529460907, 0.5046150088310242, 0.49442508816719055, 0.475528746843338, 0.4851207435131073, 0.46882539987564087, 0.4599861204624176, 0.4652150273323059, 0.44633638858795166, 0.45109376311302185, 0.44492611289024353, 0.44069090485572815, 0.4378320872783661, 0.4251469373703003, 0.42969638109207153, 0.4112350046634674, 0.40959930419921875, 0.4129523038864136, 0.4110298454761505, 0.4037896394729614, 0.40144333243370056, 0.3880871534347534, 0.3978390097618103, 0.3776359260082245, 0.3853484094142914, 0.38497090339660645, 0.37294816970825195, 0.3696834444999695, 0.37419646978378296, 0.3694702088832855, 0.36131972074508667, 0.3570309281349182, 0.3530336320400238, 0.35044538974761963, 0.355895459651947, 0.3450244069099426, 0.3515467643737793, 0.35207071900367737, 0.34287774562835693, 0.3394717872142792, 0.3429621458053589, 0.3332381546497345, 0.3284594714641571, 0.3276674151420593, 0.33164891600608826, 0.3261333703994751, 0.32189247012138367, 0.3194049894809723, 0.32695433497428894, 0.324763685464859, 0.31623148918151855, 0.31634053587913513, 0.31334301829338074, 0.3100135922431946, 0.31183287501335144, 0.31122642755508423, 0.3153166174888611, 0.30161285400390625, 0.30451202392578125, 0.30022570490837097, 0.29731571674346924, 0.2899477779865265, 0.30140769481658936], "mean_squared_error": [0.07075580954551697, 0.061804432421922684, 0.057972975075244904, 0.055208172649145126, 0.05295320600271225, 0.05091680586338043, 0.04933285340666771, 0.047776371240615845, 0.04619087278842926, 0.04504973441362381, 0.04367925599217415, 0.042939797043800354, 0.041870392858982086, 0.04052730277180672, 0.0399201400578022, 0.03913331776857376, 0.03808027505874634, 0.03712867572903633, 0.03628113120794296, 0.0356205515563488, 0.03473370894789696, 0.034328643232584, 0.03348468989133835, 0.03288077563047409, 0.03224599361419678, 0.03164669871330261, 0.031073516234755516, 0.0308071319013834, 0.029758917167782784, 0.02952241525053978, 0.029103850945830345, 0.028147432953119278, 0.027690695598721504, 0.02761697955429554, 0.026957696303725243, 0.026747919619083405, 0.026469510048627853, 0.025783643126487732, 0.025867236778140068, 0.025282129645347595, 0.0244742464274168, 0.024824338033795357, 0.023991554975509644, 0.023638516664505005, 0.023931870236992836, 0.02296750620007515, 0.023191511631011963, 0.022984208539128304, 0.02265235222876072, 0.02259805053472519, 0.02203132025897503, 0.022196650505065918, 0.02138501964509487, 0.021218575537204742, 0.021268682554364204, 0.021364226937294006, 0.020952558144927025, 0.020898353308439255, 0.02018008939921856, 0.020626788958907127, 0.01952415704727173, 0.019970228895545006, 0.020078053697943687, 0.0194233451038599, 0.01911070942878723, 0.019566556438803673, 0.019252290949225426, 0.01869622804224491, 0.018634149804711342, 0.018361274152994156, 0.01816727966070175, 0.018556637689471245, 0.017868461087346077, 0.018261855468153954, 0.018243523314595222, 0.01795317605137825, 0.017717847600579262, 0.017832577228546143, 0.017158962786197662, 0.017177637666463852, 0.017082277685403824, 0.01725500449538231, 0.01697986200451851, 0.01680803671479225, 0.016629939898848534, 0.01704307273030281, 0.016876624897122383, 0.016420161351561546, 0.016454335302114487, 0.016248727217316628, 0.016236567869782448, 0.016167500987648964, 0.016253987327218056, 0.016357066109776497, 0.015761863440275192, 0.015789177268743515, 0.015644347295165062, 0.015542866662144661, 0.015133420936763287, 0.01578434929251671], "accuracy": [0.4250749945640564, 0.5149999856948853, 0.5505750179290771, 0.5777000188827515, 0.5960749983787537, 0.6148250102996826, 0.6291999816894531, 0.6443750262260437, 0.6573500037193298, 0.6668750047683716, 0.6764749884605408, 0.6827499866485596, 0.6921250224113464, 0.7026249766349792, 0.7064499855041504, 0.7139999866485596, 0.7222499847412109, 0.7294999957084656, 0.7367749810218811, 0.7418500185012817, 0.7494000196456909, 0.7505000233650208, 0.7583749890327454, 0.762274980545044, 0.7679499983787537, 0.7720249891281128, 0.7773249745368958, 0.7785999774932861, 0.7875249981880188, 0.7887750267982483, 0.7932999730110168, 0.7995749711990356, 0.8051499724388123, 0.8043500185012817, 0.8099499940872192, 0.810575008392334, 0.8125, 0.8173750042915344, 0.818274974822998, 0.822350025177002, 0.8286499977111816, 0.8265500068664551, 0.8309749960899353, 0.8347749710083008, 0.8325999975204468, 0.8401250243186951, 0.8381749987602234, 0.8392000198364258, 0.8417999744415283, 0.8420500159263611, 0.8442999720573425, 0.8450750112533569, 0.8494250178337097, 0.8529750108718872, 0.8528749942779541, 0.8514000177383423, 0.8547250032424927, 0.8540499806404114, 0.8595749735832214, 0.8561499714851379, 0.8653500080108643, 0.8616250157356262, 0.8595250248908997, 0.8656499981880188, 0.8683750033378601, 0.8630250096321106, 0.8665500283241272, 0.871275007724762, 0.8712249994277954, 0.8733999729156494, 0.8756750226020813, 0.8706750273704529, 0.8767250180244446, 0.8733999729156494, 0.875124990940094, 0.8768749833106995, 0.8784499764442444, 0.8771250247955322, 0.8823249936103821, 0.8811249732971191, 0.8823500275611877, 0.8812000155448914, 0.8838750123977661, 0.8836249709129333, 0.8862000107765198, 0.8824499845504761, 0.8849250078201294, 0.8888000249862671, 0.8884750008583069, 0.8891500234603882, 0.8882750272750854, 0.88857501745224, 0.8888999819755554, 0.8883000016212463, 0.892425000667572, 0.8915749788284302, 0.892799973487854, 0.8938249945640564, 0.896049976348877, 0.8926249742507935],