{"loss": 27.30200958251953, "accuracy": 0.07199999690055847}