{"loss": 14.436637878417969, "accuracy": 0.13733333349227905}