{"loss": 46.01279067993164, "accuracy": 0.08133333176374435}