{"loss": 26.94533920288086, "accuracy": 0.07733333110809326}