{"loss": [0.9984962344169617, 0.9587491154670715, 0.8516028523445129, 0.801469087600708, 0.7614945769309998, 0.7352425456047058, 0.7155449986457825, 0.698662519454956, 0.6867256760597229, 0.6763603687286377, 0.6672878861427307, 0.6587100625038147, 0.6511326432228088, 0.6447773575782776, 0.6392033100128174, 0.6343947052955627, 0.62970370054245, 0.6264964938163757, 0.6212965250015259, 0.6137278079986572, 0.5815191864967346, 0.38673293590545654, 0.30668777227401733, 0.3008711338043213, 0.29791224002838135, 0.2970592677593231, 0.29552409052848816, 0.2990626096725464, 0.2935848832130432, 0.29109156131744385, 0.2905784249305725, 0.2891751825809479, 0.28775739669799805, 0.28701746463775635, 0.2869306802749634, 0.28470510244369507, 0.2838631570339203, 0.283260703086853, 0.28339263796806335, 0.28250768780708313, 0.2819312512874603, 0.28080466389656067, 0.280809611082077, 0.2790854871273041, 0.27820849418640137, 0.2773799002170563, 0.2769671082496643, 0.2762499749660492, 0.27766716480255127, 0.27719616889953613], "accuracy": [0.004753432236611843, 0.002414372516795993, 0.002413814188912511, 0.002413814188912511, 0.002413814188912511, 0.0024140002205967903, 0.0025300399865955114, 0.002787826582789421, 0.0029068703297525644, 0.003211152506992221, 0.0035996532533317804, 0.06984001398086548, 0.3267127573490143, 0.3290533423423767, 0.32978975772857666, 0.3311364948749542, 0.3323564827442169, 0.33326956629753113, 0.3342435359954834, 0.3360600471496582, 0.3371735215187073, 0.33889248967170715, 0.3392045497894287, 0.3390350341796875, 0.3390147089958191, 0.33904561400413513, 0.33890843391418457, 0.3387465476989746, 0.33925706148147583, 0.33908191323280334, 0.3390081524848938, 0.339122474193573, 0.33919912576675415, 0.33926379680633545, 0.33917519450187683, 0.3394090533256531, 0.3394392728805542, 0.3395084738731384, 0.33974283933639526, 0.3394744396209717, 0.33980289101600647, 0.3398216962814331, 0.33983114361763, 0.3399834632873535, 0.3398970365524292, 0.34014174342155457, 0.34023317694664, 0.34016120433807373, 0.3402559757232666, 0.3403884768486023], "val_loss": [0.9918690919876099, 0.8901210427284241, 0.805899441242218, 0.7549533843994141, 0.7223371267318726, 0.704192042350769, 0.6853768229484558, 0.671631395816803, 0.6614404916763306, 0.6516343355178833, 0.6441541910171509, 0.6344834566116333, 0.6273899078369141, 0.6220690608024597, 0.6202096939086914, 0.6130870580673218, 0.609322190284729, 0.6063646078109741, 0.6006968021392822, 0.5944691300392151, 0.5227282643318176, 0.3870745301246643, 0.375710666179657, 0.3731437623500824, 0.37472742795944214, 0.3706435561180115, 0.3835456967353821, 0.3695889413356781, 0.3674236238002777, 0.3674800992012024, 0.3641490936279297, 0.3622550666332245, 0.36122268438339233, 0.36123260855674744, 0.3596896529197693, 0.35897889733314514, 0.35813426971435547, 0.35814669728279114, 0.35696810483932495, 0.3586050868034363, 0.3557547926902771, 0.35554465651512146, 0.35775554180145264, 0.35378265380859375, 0.3527507781982422, 0.35299447178840637, 0.3516443371772766, 0.3557268977165222, 0.35166531801223755, 0.3505633771419525], "val_accuracy": [0.002641289494931698, 0.002637631492689252, 0.002637631492689252, 0.002637631492689252, 0.002637631492689252, 0.002643575659021735, 0.003040923736989498, 0.0032919524237513542, 0.003247370943427086, 0.003443301422521472, 0.0038333332631736994, 0.23783835768699646, 0.24093186855316162, 0.24209098517894745, 0.2431657463312149, 0.24522680044174194, 0.24581046402454376, 0.24737311899662018, 0.24858641624450684, 0.24970370531082153, 0.25142088532447815, 0.25218015909194946, 0.25222840905189514, 0.2522640526294708, 0.2524101436138153, 0.25205692648887634, 0.2519700527191162, 0.25277480483055115, 0.25241953134536743, 0.2521159052848816, 0.2523655593395233, 0.2524090111255646, 0.25224530696868896, 0.2520848214626312, 0.25235894322395325, 0.25245746970176697, 0.25253498554229736, 0.2528424859046936, 0.2522437274456024, 0.2528749406337738, 0.2528822720050812, 0.2528586983680725, 0.25238385796546936, 0.252651572227478, 0.25308001041412354, 0.25308459997177124, 0.2530466318130493, 0.2529853582382202, 0.25315430760383606, 0.25346800684928894], "training_time": 53.237114906311035}