{"loss": [1.428668737411499, 1.090357780456543, 0.9702552556991577, 0.9042543172836304, 0.8639962673187256, 0.8340184688568115, 0.8082579374313354, 0.7879448533058167, 0.7747213840484619, 0.7568641901016235], "accuracy": [0.621997594833374, 0.675254762172699, 0.7065428495407104, 0.7218375205993652, 0.7305178642272949, 0.73670893907547, 0.7434333562850952, 0.7487249970436096, 0.7520744204521179, 0.7574541568756104], "val_loss": [1.164739966392517, 1.0238618850708008, 0.9352065324783325, 0.891609251499176, 0.8454123735427856, 0.8590722680091858, 0.799565851688385, 0.7923832535743713, 0.7558839917182922, 0.7460547089576721], "val_accuracy": [0.6587619185447693, 0.688961923122406, 0.7156166434288025, 0.7256500124931335, 0.7355047464370728, 0.7250738143920898, 0.7483285665512085, 0.7398523688316345, 0.7607166767120361, 0.7616024017333984], "training_time": 229.02245259284973}