{"loss": 6.574293613433838, "mean_squared_error": 0.00870240107178688}