{"loss": 0.1352357715368271, "mean_squared_error": 0.003597414819523692}