{"loss": 4.319352626800537, "mean_squared_error": 0.07392607629299164}