{"loss": [0.9990659952163696, 0.9799537658691406, 0.9039015173912048, 0.8138713836669922, 0.7713932991027832, 0.7434872984886169, 0.7270845770835876, 0.7149440050125122, 0.7034597396850586, 0.6925584077835083, 0.6820436120033264, 0.6733272671699524, 0.6658157706260681, 0.6586289405822754, 0.6528121829032898, 0.6477358937263489, 0.6417679190635681, 0.6368963122367859, 0.6323065161705017, 0.6290372610092163, 0.6246072053909302, 0.5928459167480469, 0.3543335795402527, 0.30872827768325806, 0.30378153920173645], "accuracy": [0.0066477651707828045, 0.0031779224518686533, 0.002413814188912511, 0.002413814188912511, 0.002413814188912511, 0.002413814188912511, 0.002413814188912511, 0.002413894049823284, 0.0024186791852116585, 0.0026093139313161373, 0.0027073563542217016, 0.0029059930238872766, 0.02325211837887764, 0.31764382123947144, 0.3246627151966095, 0.32528504729270935, 0.32588574290275574, 0.3279515206813812, 0.32887282967567444, 0.33019790053367615, 0.3316681683063507, 0.33372876048088074, 0.3371448814868927, 0.3387249708175659, 0.33861905336380005], "val_loss": [0.9963414669036865, 0.9430361986160278, 0.8307970762252808, 0.7657088041305542, 0.7303130030632019, 0.7104068994522095, 0.6976552605628967, 0.6850652098655701, 0.6734921932220459, 0.6624104976654053, 0.6529730558395386, 0.6448715329170227, 0.6374558806419373, 0.63041752576828, 0.6247742176055908, 0.619928240776062, 0.6154606938362122, 0.6113229393959045, 0.609529435634613, 0.6125708818435669, 0.5991634130477905, 0.5056115388870239, 0.3834320604801178, 0.37825044989585876, 0.37238284945487976], "val_accuracy": [0.0035832191351801157, 0.002637631492689252, 0.002637631492689252, 0.002637631492689252, 0.002637631492689252, 0.002637631492689252, 0.002637631492689252, 0.002637631492689252, 0.002661637030541897, 0.002754229586571455, 0.0030850479379296303, 0.0035221765283495188, 0.17966140806674957, 0.23767970502376556, 0.23833012580871582, 0.23878075182437897, 0.24043232202529907, 0.24227595329284668, 0.24382373690605164, 0.24468381702899933, 0.24488842487335205, 0.24717214703559875, 0.2508150339126587, 0.2502681612968445, 0.2518399655818939], "training_time": 28.527453184127808}