{"loss": [0.9995589256286621, 0.9888322353363037, 0.9060080647468567, 0.7971658110618591, 0.7579626441001892, 0.7351674437522888, 0.7186984419822693, 0.7045800089836121, 0.6905152797698975, 0.677016019821167], "accuracy": [0.01229080930352211, 0.003656516782939434, 0.002414425602182746, 0.002418200485408306, 0.0024826140142977238, 0.002831903053447604, 0.0029418817721307278, 0.0032786764204502106, 0.09015168994665146, 0.3285280764102936], "val_loss": [0.9983054399490356, 0.9561241865158081, 0.8094140291213989, 0.749740481376648, 0.7206442356109619, 0.7022560238838196, 0.6873970627784729, 0.6735913753509521, 0.6597551703453064, 0.6474146246910095], "val_accuracy": [0.006056012585759163, 0.002637631492689252, 0.0026410608552396297, 0.0026481482200324535, 0.0030004573054611683, 0.0030834476929157972, 0.003189986338838935, 0.00428806571289897, 0.23955807089805603, 0.24202126264572144], "training_time": 13.730875492095947}