{"loss": [1.4734114408493042, 1.0307236909866333, 0.9345456957817078, 0.8808683753013611, 0.8396862149238586, 0.8132873177528381, 0.8009932041168213, 0.7702239751815796, 0.7496806383132935, 0.7347334623336792], "accuracy": [0.6192958354949951, 0.6933267712593079, 0.715752363204956, 0.7266220450401306, 0.7365202307701111, 0.7427107095718384, 0.7457809448242188, 0.753426194190979, 0.7590851187705994, 0.7639351487159729], "val_loss": [1.1102045774459839, 1.001508355140686, 0.8920494318008423, 0.859609067440033, 0.8212898373603821, 0.7960708737373352, 0.7765137553215027, 0.741530179977417, 0.7320466041564941, 0.7216390371322632], "val_accuracy": [0.6800737977027893, 0.6965428590774536, 0.7293928861618042, 0.7324023842811584, 0.739471435546875, 0.748711884021759, 0.7547214031219482, 0.7604309320449829, 0.7625547647476196, 0.7695404887199402], "training_time": 340.389089345932}