{"loss": [1.5208970308303833, 1.057201862335205, 0.9286503195762634, 0.8650566339492798, 0.8201642632484436, 0.7958781123161316, 0.754188597202301, 0.7262064218521118, 0.6976054310798645, 0.6785582304000854], "accuracy": [0.6074928641319275, 0.6916470527648926, 0.7168565392494202, 0.7291964292526245, 0.7387375235557556, 0.7433273792266846, 0.7546250224113464, 0.7630351185798645, 0.7720452547073364, 0.7783131003379822], "val_loss": [1.1688432693481445, 0.9805693626403809, 0.885505735874176, 0.8366038203239441, 0.7968494892120361, 0.7693842053413391, 0.7333731055259705, 0.7022204399108887, 0.8230559825897217, 0.6623823046684265], "val_accuracy": [0.6638952493667603, 0.7121666669845581, 0.7288976311683655, 0.7346928715705872, 0.7474856972694397, 0.7511071562767029, 0.7618833184242249, 0.7725738286972046, 0.7254118919372559, 0.7854261994361877], "training_time": 375.9329936504364}